RA_ICRS,DE_ICRS,dist_PLX,Diam_pc
51.862,34.9631,685,14
288.4199,36.3689,401,5
295.6135,27.3689,560,14
297.1623,22.0071,901,5
298.3079,39.311,1193,22
53.0773,44.8773,876,9
300.7762,33.5534,2013,15
302.7513,37.4919,857,17
318.099,38.5739,568,11
324.9769,53.9972,938,6
329.3036,51.5193,762,7
72.4335,41.7837,1062,10
340.2334,54.1731,234,9
347.1514,64.9121,379,8
349.937,54.4065,662,11
78.3057,44.4212,1113,22
81.2127,1.6416,352,5
82.0053,-1.9693,361,8
82.1453,3.457,348,6
95.0365,46.7175,627,7
103.5647,-1.6507,1058,6
104.3221,-6.2983,1115,12
105.705,-26.5665,813,19
116.6691,0.1722,298,8
153.6086,-54.9585,485,9
26.8538,57.7058,1609,9
168.362,-55.4297,1001,4
175.2892,-60.9906,2076,12
184.9818,-67.4802,1272,9
189.5127,-67.2157,658,15
212.7227,-62.323,1187,6
229.6997,-60.808,850,25
251.8426,-45.5321,893,10
255.5757,-28.3934,787,10
256.893,-35.4881,911,12
41.6795,57.7627,2462,16
264.7191,-34.8886,583,8
279.275,-19.1702,574,3
282.2168,-18.428,296,7
13.3221,49.5407,719,6
301.2106,-10.5442,447,5
310.9116,23.9029,550,13
51.5722,-35.7687,104,5
113.8534,-15.0924,3794,4
114.2945,-26.3902,7934,5
274.8165,12.4662,584,15
71.6253,55.2335,629,12
2.587,58.7424,432,4
107.7096,-9.3975,581,9
260.6661,-62.7731,485,8
109.6995,-46.0707,280,15
267.6642,-11.883,676,8
342.0094,46.3337,722,11
132.6451,-41.7645,969,9
295.2822,1.5073,668,31
160.6428,-61.0519,399,6
97.3627,9.1792,5050,5
103.074,2.1955,4401,2
220.1006,-66.1284,908,8
105.6147,-1.1214,2973,5
284.0275,21.5794,628,6
232.4931,-51.1959,676,6
266.0696,-47.0742,207,12
304.1485,52.0228,658,6
255.4419,-59.0184,612,9
118.2516,-53.0534,705,11
332.2826,61.1006,899,11
180.6461,-60.9493,1034,9
262.4708,-32.5329,1187,4
283.7115,5.5533,1901,3
354.1605,48.1609,425,8
96.3197,-10.5524,968,2
104.2946,-8.2091,1297,2
106.3412,-12.3212,1184,2
151.6211,-51.5557,2088,5
167.3136,-63.8306,2946,3
170.7664,-58.5482,15416,10
174.668,-63.384,2584,12
186.7245,-64.0645,2762,4
205.0523,-61.7317,5686,2
222.2128,-66.4405,423,8
121.7626,-32.3511,5261,4
252.4786,-44.1828,2460,5
253.7767,-40.9439,1815,4
254.0639,-40.6315,1755,6
255.5391,-41.1251,1908,6
259.0747,-40.8132,3228,5
259.6397,-32.3267,1131,6
123.5355,-36.2801,443,7
266.5612,-29.6969,2972,2
128.9479,-43.6136,4106,5
132.3929,-44.3542,2382,4
134.0429,-39.5162,5402,9
134.3578,-43.1655,927,7
141.6898,-51.2711,10218,8
142.8428,-53.0409,9076,7
145.9542,-56.5723,6646,3
150.3411,-58.2164,5012,5
150.4668,-49.5683,9431,9
151.1608,-55.3771,2402,5
153.0685,-58.0692,2710,4
154.7826,-56.4252,2579,2
159.6002,-59.1988,449,7
313.4127,46.0487,2102,6
282.0346,-5.8867,1904,5
34.8607,58.2984,2260,3
109.3014,-13.9783,1409,4
89.5439,21.9685,1874,5
167.6486,-59.0645,2284,6
201.9797,-62.3101,1967,4
87.2352,30.1942,3494,4
98.5616,8.0476,1599,17
2.4445,60.4691,4251,5
54.8886,66.4891,2690,7
353.2139,64.2096,5645,4
0.8683,63.587,5051,7
65.1319,44.9184,3107,4
71.0972,42.688,4943,6
73.943,52.8005,4810,10
74.9332,43.4914,5340,9
75.349,43.4442,1133,16
75.5127,44.5004,2953,6
80.1262,30.5739,3562,9
80.5244,45.4244,6576,26
81.0163,29.5864,7427,11
6.3192,60.3936,8514,7
98.3151,20.5373,6637,9
99.455,-0.872,6392,12
100.3154,-16.4995,13062,14
102.8388,5.7741,5253,5
103.0287,2.9222,4785,4
104.4349,3.2298,6114,6
104.3964,8.2816,7112,9
104.5285,6.431,3573,8
104.4537,-13.2254,6957,8
107.4914,2.7334,6237,9
109.105,-13.202,4849,8
110.0789,-1.0041,5074,7
116.6957,-4.6584,4986,10
11.2733,64.3894,3380,4
288.8649,11.2576,5383,10
289.3108,19.5482,3304,6
289.7758,15.7146,4452,4
292.131,17.3629,2490,3
302.4846,34.9603,4124,5
315.7444,40.4305,8318,10
319.2278,51.7644,3235,4
73.5831,60.9381,3546,4185
9.6196,67.4622,1091,133
27.7928,61.0596,3224,5
4.4417,60.9345,4240,5
12.0456,67.2028,3235,3
15.3128,63.9169,2778,7
35.3246,65.8934,5272,8
39.7636,60.411,2249,2
69.495,50.7459,2410,7
71.0659,42.1151,3554,13
81.0882,32.603,3861,6
28.5486,62.3671,2968,5
81.4589,41.9499,5640,12
85.2232,32.2771,4432,6
87.5635,22.2523,6513,9
95.5172,-6.3256,7780,4
110.3592,-3.2346,3890,4
110.9165,5.3688,5359,8
281.2435,-1.1468,2489,5
30.3037,75.4806,3996,8
283.5869,-1.2114,2566,4
285.4176,-0.4509,3936,6
287.8434,13.1125,1411,2
304.6942,37.7497,4549,9
305.1038,38.7063,1791,5
305.3902,37.4419,1745,6
306.1196,46.0454,4184,6
53.1616,52.6514,1949,4
308.8355,46.8437,3306,7
335.7076,55.8497,4615,6
337.079,59.1279,4024,5
337.479,55.3975,3969,4
339.8505,59.0039,3188,4
340.645,52.4155,3946,8
308.3153,41.3068,1749,4
302.2953,35.5019,1844,10
16.8514,-29.9455,237,114
160.504,-59.1324,2568,14
161.7604,-60.0969,2567,5
259.3324,-35.5338,1765,7
105.861,-5.0233,2230,3
112.8816,-17.2159,1314,7
113.0039,-19.4167,4017,11
11.9936,66.7818,647,7
68.3325,40.5388,1057,6
68.0848,39.4876,672,8
79.2,41.7263,976,10
83.1649,42.1543,519,17
77.686,39.2045,959,5
76.076,35.831,1208,6
80.172,37.4215,1588,4
81.2179,37.5411,1128,6
78.465,35.4883,1050,10
82.1863,34.3036,1291,8
15.0432,55.399,1266,8
78.6248,31.7048,1092,9
84.7587,28.3872,1432,6
91.0531,31.6024,2034,6
87.4797,27.0017,968,9
90.6672,23.2118,1034,7
91.6739,20.2539,829,9
83.8067,15.713,1452,7
85.747,13.7416,1096,8
96.3563,11.1483,1672,7
18.7454,60.5005,1289,5
21.0578,70.5642,742,6
28.1647,63.0602,1291,6
31.2349,61.7844,995,6
33.4732,60.0444,2951,4
45.0453,58.4213,1027,26
51.4478,51.0852,1265,6
69.5892,42.9623,1008,10
26.108,58.7379,2213,7
81.868,33.4984,2108,6
89.8335,19.034,1920,10
27.3699,58.0665,937,6
28.0846,58.6237,3616,8
33.7124,58.4425,1540,6
39.1447,50.0101,736,8
47.8121,48.0219,891,8
99.1571,4.8155,1687,9
99.2082,5.9324,1575,14
99.2321,4.9738,1619,23
99.6715,2.0674,2354,13
101.6545,1.7731,2106,7
108.6056,-30.7232,666,30
109.2057,-37.0867,305,12
110.8643,-31.9996,385,8
125.8215,-36.3463,1597,7
131.2282,-41.2881,966,5
135.0915,-48.9862,2070,4
156.4327,-57.9236,2745,9
186.7765,-60.7602,1308,5
189.5132,-68.3775,3169,10
199.5401,-67.0779,2801,6
201.0242,-66.2134,1762,8
202.4557,-64.1997,2834,4
202.5788,-61.3212,2413,9
207.0372,-66.065,1735,7
237.4355,-57.6034,1893,6
248.7949,-50.9901,2064,4
264.484,-37.6614,657,6
266.9009,1.5313,369,11
270.9399,3.4263,559,31
283.0843,-20.2126,720,5
304.5399,40.7455,1050,3
305.8359,41.7031,1227,6
26.9425,71.7705,879,13
274.1381,-18.3178,2509,3
83.8028,9.8227,406,14
87.1673,7.3759,2640,7
97.786,9.9164,685,5
1.9069,61.4769,3227,3
39.841,54.9363,2072,4
41.1124,62.3286,3407,5
49.2584,58.6125,3504,3
50.7298,52.1987,3083,12
52.7561,52.6091,2937,6
66.9625,30.9274,1354,3
74.244,28.7629,2724,7
10.9603,60.1824,2018,6
80.1356,39.5417,3789,5
81.6741,36.01,4525,8
87.5155,28.8963,3478,6
88.8386,20.8722,3833,7
93.4295,6.9543,2283,5
97.756,-4.1844,16756,12
105.8277,6.387,4525,4
15.7662,62.7893,5136,3
112.7996,-9.9482,9093,10
114.2321,-20.5084,3394,5
117.6194,-29.8547,5091,7
268.3227,-27.3758,2462,4
282.4475,4.9666,2608,4
297.7595,25.2914,2707,8
339.9084,59.9084,5498,4
351.4483,61.3294,2831,6
28.922,61.3549,4383,5
30.5321,62.8391,2830,5
38.2416,58.7594,3016,3
38.3967,59.8838,3328,4
107.5804,-18.4372,3564,5
150.9694,-59.2415,5344,5
113.8518,-18.6986,2847,10
111.7507,-37.5195,11715,11
10.6425,64.0661,2684,5
92.2934,4.5838,4768,10
274.3647,-19.7033,1344,4
277.6189,-12.3331,3019,6
302.4057,36.5052,3225,9
78.6617,32.6902,1312,6
303.801,36.8336,2017,7
280.2585,-4.0615,2153,8
291.3465,11.6414,2825,7
305.0147,39.3249,2254,7
296.5952,24.6109,2091,4
306.1231,42.314,1006,3
150.8162,-64.7562,16497,21
153.7362,-64.6085,31094,23
118.1254,-60.3348,974,4
181.9754,-59.3078,813,3
182.6018,-59.477,1387,5
185.8014,-59.6504,2589,7
221.2098,-59.1557,2411,3
137.603,-53.8865,1154,3
132.8942,-50.2519,6280,10
246.0442,-51.1526,2570,4
126.7223,-41.2474,6673,4
254.1701,-40.5887,1758,4
253.6906,-40.7299,1814,6
116.0925,-34.6329,2329,5
116.7582,-32.9526,4507,4
261.7178,-34.702,1091,4
133.2491,-35.4709,7437,7
113.3481,-28.1816,3456,7
251.7386,-25.7988,1752,7
112.1857,-20.8101,2502,3
270.5611,-21.9257,2975,4
287.906,12.0439,5704,10
297.0059,23.3566,4743,8
296.9898,26.0387,7197,5
299.5283,26.7794,2659,7
303.3601,25.4507,2880,4
300.6104,35.6668,2059,9
306.3509,40.2243,1743,2
308.1682,41.4418,1764,3
300.7489,46.1948,2221,7
314.1731,46.9021,4489,8
307.7614,51.0235,1804,6
315.5637,48.0946,4116,7
314.1393,49.3647,3208,2
320.9823,49.9215,3624,3
327.7119,55.2402,2711,9
331.9339,53.1102,2914,10
337.7288,53.9541,4575,4
338.7186,58.3041,4685,8
342.9154,56.1116,2135,3
340.6208,58.9419,2292,4
339.0939,64.1469,959,3
345.2425,59.7038,4355,3
348.8251,64.1554,2660,5
355.5402,58.548,3994,6
356.8155,60.8994,3173,5
357.9406,60.9256,3086,18
6.4311,63.7511,4618,6
6.6604,64.0171,1530,5
7.3369,62.3899,2975,9
13.0484,64.583,3124,8
14.3393,62.1176,4415,4
19.7031,60.3534,3915,6
24.9627,64.8702,940,3
25.239,64.5195,3270,4
36.9315,58.7637,3302,7
61.7668,51.1406,1184,3
63.0983,48.7296,3413,4
66.353,46.0981,920,5
77.7833,45.7126,3971,7
67.4594,38.4917,1840,3
73.4855,40.8655,3168,5
83.3381,39.8388,3415,5
75.913,32.1663,1618,7
94.0971,36.3771,3073,6
85.7877,29.0052,3560,14
91.333,30.826,5377,8
86.2723,24.7445,2280,7
88.3722,25.1958,3110,6
103.8253,29.7512,1231,3
91.0888,22.0362,3343,5
93.4515,21.5993,2528,9
91.7747,19.0242,2240,7
98.4388,22.3107,1540,3
91.0816,14.5792,2485,4
98.7719,17.7416,2655,5
93.4327,15.0076,11819,28
95.4518,15.7644,5041,8
96.4756,15.8677,4995,6
95.5866,14.6354,1807,11
94.7678,14.1429,3022,6
92.8485,11.8548,2615,5
98.1561,12.5592,3771,7
97.9745,11.8575,2207,2
97.8139,11.0812,3176,6
92.9417,7.0137,2165,3
102.6226,6.6114,8316,4
103.0441,3.6648,2503,5
98.6543,-0.2604,2541,4
110.5053,3.5531,5232,7
103.2901,-0.1877,1677,3
107.3018,-1.5067,3930,4
102.6227,-5.4424,8826,8
104.304,-6.6235,1953,4
106.1422,-6.6215,4471,5
108.5688,-5.6672,3031,7
104.8108,-9.0637,2523,8
106.8685,-8.875,3029,3
103.9177,-11.0319,2563,3
108.8955,-9.4471,3053,7
115.3374,-9.6041,3466,5
110.6573,-18.7096,3795,6
111.5898,-18.4271,4491,10
112.0886,-19.6832,3115,6
109.9861,-24.5254,2553,4
117.1714,-26.9799,4813,14
123.0151,-28.9885,7651,4
119.4819,-31.5074,4372,6
116.6118,-34.2948,4169,5
120.3973,-34.4812,2667,5
117.6594,-36.4024,2783,11
122.6566,-34.6204,4174,5
131.0369,-39.3514,3172,4
136.4348,-37.8766,5160,10
142.4543,-33.8509,3642,7
129.857,-47.3566,3816,8
142.4522,-50.6889,2462,3
148.8452,-56.6017,4973,10
205.245,-60.2006,3710,5
230.2346,-59.627,3704,6
238.77,-46.0135,1558,3
304.4282,38.0289,3841,5
275.0785,-32.3409,873,6
93.6204,0.626,806,7
164.1472,-63.017,4593,5
161.5766,-57.027,3092,8
123.0281,-38.6627,605,5
68.0156,43.5979,942,5
181.1922,-61.3103,1787,5
104.875,-13.2484,1612,7
259.9153,-36.7629,1341,9
272.5994,-16.7178,1976,7
302.6622,35.8741,1801,4
302.9206,26.519,1632,8
344.2086,61.109,1576,8
122.8802,-37.4178,1436,4
273.6818,11.0955,426,11
106.9742,-25.4653,664,9
304.2558,38.0521,4071,7
1.1706,62.8441,1573,5
52.0673,45.1319,1406,14
80.7056,35.2782,2776,8
146.0801,-54.1154,3106,5
293.6088,18.0526,632,13
313.6564,45.9857,2340,6
301.911,38.24,2525,7
98.3798,7.4992,1732,7
318.0962,46.3261,1154,13
150.3596,-58.1961,2466,7
123.2143,-35.1324,1379,7
292.0872,25.3359,1558,6
163.6962,-58.0507,2984,6
122.1673,-37.4908,3336,9
163.0995,-58.4027,1698,4
296.2799,24.5658,2848,8
127.2323,-38.0997,1273,8
104.6135,3.1122,3523,8
186.2423,-61.974,5535,5
107.9203,0.8406,2035,12
132.6096,-45.4921,2461,8
181.3642,-62.6721,1945,7
30.3465,63.7998,1545,4
161.7559,-59.5125,2522,11
81.0045,34.0173,2604,13
81.2712,33.6963,1263,5
297.8315,18.6507,2709,8
95.3887,26.9285,2185,6
141.2016,-48.0846,1427,5
191.5041,-61.9717,2515,6
195.7273,-64.6093,2306,11
83.2915,-1.6276,422,8
303.443,29.69,1111,5
141.7507,-55.1269,11877,12
80.5452,33.8063,1147,5
126.7569,-47.8005,503,16
112.1592,-15.3688,3855,5
113.866,-27.7096,7266,12
115.2401,-30.0662,574,7
116.1825,-28.3842,4417,13
116.3813,-32.8471,4196,5
117.5864,-25.4646,3412,4
117.8966,-31.8105,4054,4
118.1903,-26.2712,5921,4
119.0604,-30.3635,5629,4
120.2903,-27.2185,3496,4
123.1043,-27.9024,3036,8
107.3845,-16.9042,2231,10
123.9074,-30.8492,3296,8
106.0267,-6.1261,2635,5
106.5098,-15.0002,4494,4
109.4881,-22.6581,1752,4
109.9975,-13.1536,4891,9
110.7384,-29.5022,5020,6
110.7839,-12.315,3182,5
111.1734,-17.0016,2971,4
244.8556,-54.9475,705,8
255.9976,-48.0848,1238,4
262.7855,-36.8058,1604,7
298.3209,18.3356,2164,7
186.8164,-60.765,1308,4
167.6848,-60.3862,2620,4
202.2997,-61.2087,2339,4
218.4634,-61.3292,2457,5
222.6944,-52.2854,1771,4
247.2298,-49.1054,2711,4
251.4084,-47.7473,2731,5
251.6599,-47.0782,2987,5
149.4225,-54.6076,4755,12
302.6929,41.1744,8035,10
318.023,47.7679,3816,6
324.7442,57.558,938,9
332.6266,52.8553,3590,10
334.007,53.99,3745,8
13.2141,56.6276,2951,5
28.0973,61.8578,5723,11
38.249,61.4854,2225,8
42.9078,60.4171,2408,16
91.1865,24.0845,2232,4
130.3901,-53.0042,151,4
130.471,-48.0706,725,5
141.8475,-57.0209,1392,10
156.8631,-57.6252,2837,6
160.4329,-64.3723,152,7
169.379,-62.7116,1391,7
174.7985,-63.4443,2580,8
56.1272,32.171,324,2
64.7371,58.2586,4409,9
261.221,-49.9176,946,7
266.5967,5.5751,348,7
277.9369,-19.1188,660,6
279.6417,5.4364,477,9
304.1383,37.6489,2051,2
328.3522,47.2385,824,2
105.1437,-8.866,2814,2
290.6289,12.6655,4314,4
180.4253,-64.0985,3643,5
60.5837,52.446,9796,8
62.6946,46.868,3023,5
58.8296,58.3921,5376,4
4.0734,59.9666,5084,6
92.193,24.2821,2383,6
5.4559,64.3731,1927,9
343.742,59.1676,3867,5
356.9204,68.6349,3811,7
358.2669,61.9545,3381,6
2.5551,61.1752,4328,9
8.0036,63.1644,2486,4
8.2435,61.8561,3270,5
10.9054,64.1732,3052,5
77.0807,39.0664,4175,5
343.0524,58.291,3222,5
347.0648,60.5271,2914,6
12.7442,58.1889,6035,10
353.305,58.4732,2015,4
357.4743,62.708,3279,4
110.4596,-0.9937,3583,8
291.1163,13.6937,3223,7
292.234,14.8862,2414,3
39.0184,59.0244,2645,5
48.6759,52.6932,2722,8
51.9831,56.4409,743,4
59.7752,51.7846,3493,7
87.3267,33.633,7628,7
86.8612,35.4287,3035,4
90.2392,35.2922,2523,7
84.2222,31.204,1849,5
88.103,29.8902,5561,10
92.2186,26.2629,5560,8
82.0876,34.7753,2257,2
275.6654,-14.7244,3737,1
296.2963,28.1605,8426,5
299.5338,30.8818,9420,9
300.4901,31.4229,2847,4
293.477,18.522,6761,4
323.8828,53.518,4441,3
281.8411,-5.2676,2131,9
256.9564,-44.1583,1913,8
170.2187,-59.3046,2873,5
337.8758,58.037,1416,8
112.1386,-20.1097,3664,12
190.9973,-58.094,1994,8
319.083,57.4571,1411,7
153.2421,-60.8995,2125,12
283.9709,-5.0955,1991,4
175.5139,-61.9569,1837,6
297.9665,22.1154,1718,5
107.498,4.6996,1248,7
247.1807,-54.9597,1460,6
130.7857,-45.7751,1539,18
127.4544,-41.3493,1398,9
167.7148,-56.8305,1227,4
307.5159,45.9208,1478,6
296.3903,21.1507,2323,6
156.0621,-72.511,1963,28
119.8144,-19.1309,3238,7
282.0978,8.718,2395,6
95.2662,-3.4087,1481,8
261.7609,-39.4051,2550,6
316.0766,42.0611,2121,6
102.8526,-1.8078,2558,8
118.6183,-27.5305,2995,6
211.9634,-59.7912,752,7
172.7443,-58.5014,1813,5
155.8151,-54.6311,1143,13
209.9775,-62.1538,2367,3
216.0855,-61.3332,966,6
229.1924,-58.3653,9254,7
233.3412,-55.2403,2860,5
235.4737,-56.6862,3277,8
245.17,-48.5198,2782,6
87.4284,27.0746,972,5
130.8112,-78.8672,98,1
276.6285,-50.8625,449,21
273.8205,-19.0053,1764,3
348.8114,60.4518,3093,4
5.5182,61.7611,2829,9
160.5196,-65.1058,2275,9
169.9174,-63.4876,2454,4
186.1533,25.6605,86,10
51.5337,48.9463,176,11
56.5923,24.1256,136,6
67.6881,16.8451,47,10
111.5675,-47.682,5473,16
114.3788,-12.0684,2304,7
114.6185,-10.7004,2712,5
240.4079,-54.1529,2488,3
7.8324,63.3583,4042,10
40.6558,61.6048,1133,8
6.3219,61.3262,3475,6
40.5175,42.7361,512,7
46.4837,44.3824,6273,6
47.9198,53.346,3367,3
48.6853,47.2349,3463,12
7.5766,60.2225,1957,10
52.8705,37.3953,665,7
53.5265,51.4144,2475,5
7.8943,61.5077,5533,5
57.3512,52.6558,1201,3
8.259,63.3302,3253,8
61.1066,52.6636,1633,3
61.9567,62.3349,1091,3
63.861,51.2279,1055,8
65.1827,50.2254,731,7
67.5011,35.3506,552,3
67.981,43.706,1006,9
68.744,45.2636,3385,6
71.4811,19.0612,596,9
72.246,10.8575,416,9
72.7535,43.674,1361,6
75.8809,52.8454,971,8
75.8475,49.4976,4103,9
75.9229,23.7069,734,11
76.1761,23.8106,906,4
77.0371,37.0143,1722,7
77.9181,47.6898,5622,8
78.1317,16.7023,1813,12
80.0321,39.3367,3127,7
11.8271,85.2411,1970,9
81.4804,46.49,4980,5
9.8894,61.0969,1295,4
80.7512,33.4424,3740,12
79.6967,-68.3043,424,8
82.0673,35.3244,1629,3
82.1714,35.8322,1144,7
84.0782,34.1362,1197,4
83.7945,-4.8018,392,2
83.8212,-5.9207,388,2
88.0734,32.5454,1500,9
88.4552,0.4027,1140,7
90.6574,49.8945,1339,5
90.2759,23.3359,2036,4
90.7309,10.4451,5095,14
92.2653,24.3383,884,10
92.1272,13.9426,1019,3
92.7081,-6.227,825,4
91.7279,-1.9281,585,7
93.0219,5.4545,2419,5
93.8226,39.8437,4477,7
93.451,12.8124,3803,11
93.8828,-18.6788,4786,17
95.1755,-7.2774,979,7
96.6463,-9.6436,3452,4
96.8676,-4.7068,326,6
97.4204,6.837,2858,8
97.3921,-31.2826,4739,8
98.071,4.9082,1621,14
10.7771,61.7783,698,5
98.6866,8.3558,1518,7
98.9495,7.6682,2747,4
99.6214,10.8867,3069,4
99.9017,1.1499,4485,7
100.213,9.8789,738,2
100.8315,26.977,3667,6
100.8183,4.6249,2284,3
102.0749,41.0488,527,8
101.9147,-3.1678,2459,7
101.5089,-20.7009,735,9
102.9518,0.4727,881,5
102.9824,-7.0875,1249,3
103.8028,17.9846,4575,7
104.0193,-7.1814,2546,5
104.4643,-4.6204,2164,5
104.8655,-13.8223,1397,9
105.6657,-8.3779,1002,10
106.0287,1.0463,5232,13
106.6794,-10.0161,1710,7
107.0277,-10.6118,1113,3
107.0743,-13.2034,2873,10
108.6343,-10.2663,1225,5
108.5142,-25.7384,1327,7
109.2472,13.7718,2012,6
109.2462,-17.1171,942,8
109.4409,-15.629,1109,6
109.6715,-24.9505,1347,3
110.0263,-21.8646,2531,5
111.0002,-13.2374,1315,8
111.1715,-20.9493,3516,5
111.2913,-21.0211,3018,7
111.9821,-11.7273,1530,10
112.3494,-13.9671,4915,3
113.29,-15.4492,6188,10
114.6047,21.5723,2757,5
114.0507,-20.6306,2914,10
114.1425,-14.4823,483,5
114.2933,-13.8345,956,10
114.572,-14.8836,3894,7
114.82,-16.5528,1415,8
115.2229,-19.0855,2029,5
115.4362,-14.9141,1649,12
115.1881,-31.6893,4308,11
116.157,-23.8633,1032,7
116.0678,-24.8332,1139,11
115.7565,-38.2625,193,8
116.0274,-37.8594,367,8
116.8895,-27.1895,4872,6
117.2773,-21.3046,3396,11
118.0444,-38.5364,1503,8
118.7563,-17.7307,1599,5
118.7945,-24.2631,1388,8
119.0645,-30.0595,2148,5
120.011,-10.7753,3422,11
120.1997,-19.0582,2753,6
119.5514,-60.7874,413,6
121.2333,-28.0944,651,9
121.7696,-29.8756,3043,7
122.6573,-12.8345,1326,9
123.0918,-37.647,966,8
122.4908,-49.1797,391,4
123.3988,-5.722,775,11
124.6552,-30.6263,1844,4
124.7228,-29.7715,1366,6
125.3667,-30.3045,5141,6
125.8358,-29.4983,3393,15
125.7994,-32.968,5022,4
129.3087,-29.9531,1917,6
130.0457,19.6131,186,7
129.6262,-34.777,7065,15
129.7813,-46.2318,1913,3
130.8655,-32.6614,5087,11
130.6307,-44.9978,2213,3
130.6685,-47.1983,3248,4
131.6062,-52.9321,1183,5
131.376,-48.8089,1545,6
131.5621,-41.8845,1455,4
132.8478,11.8144,881,6
139.0443,-36.6217,3633,10
139.8525,-40.5213,7048,7
140.5237,-51.0995,3047,2
142.6367,-52.917,1341,3
143.3302,-53.4211,772,4
145.0536,-50.3307,2068,3
147.1602,-56.4132,1878,6
150.1678,-54.7894,9645,6
150.5755,-60.057,1048,13
155.4742,-51.767,491,8
156.6339,-60.6765,8326,5
158.9624,-58.2277,2661,6
159.3735,-58.6139,2811,5
159.6521,-54.1424,1811,7
164.8823,-60.3361,2556,7
166.4144,-58.7238,484,8
167.6327,-60.3003,2660,7
168.2613,-60.7881,2770,3
16.6185,62.2184,2813,4
171.388,-43.2513,1071,5
174.0606,-61.6135,2176,8
17.0877,61.5936,1180,4
177.6404,-55.6789,2502,6
180.3905,-63.2311,3095,9
181.6047,-61.2493,2113,7
18.7936,60.1309,2160,4
186.0178,-58.127,2801,5
186.048,-61.8682,2041,5
18.9951,58.824,3813,6
187.1254,-60.0977,2107,5
187.4551,-64.8048,1913,4
19.8557,58.2968,3145,13
190.5822,-62.9832,1515,6
193.4193,-60.3731,2165,6
194.493,-64.9608,3836,6
195.0276,-59.6019,1329,5
201.841,-59.0292,1960,5
202.7908,-60.9459,3574,5
206.1589,-62.9063,2174,3
206.6192,-62.9119,1659,3
207.1883,-64.6799,2899,4
208.5365,-61.8863,1503,8
210.1953,-59.583,2637,10
211.8338,-48.2742,746,7
22.386,63.2979,3081,8
216.4109,-54.7843,1055,5
216.9531,-59.6329,2671,3
217.4496,-60.7194,2500,9
218.7456,-56.6495,776,8
220.8626,-57.5747,2297,5
222.1841,-54.5115,1123,5
223.3852,-52.6678,2116,3
23.3326,60.6595,2681,5
226.0894,-54.3637,842,10
226.3722,-55.6109,1920,8
231.8357,-54.508,1473,9
238.0474,-56.4828,3063,5
238.9593,-57.4417,2765,5
240.7582,-60.4342,788,7
241.8973,-54.0144,1873,3
243.2912,-54.2248,2259,8
244.7418,-57.9114,975,8
24.0957,64.5392,6952,5
246.3723,-40.6698,642,9
246.9582,-49.1651,1182,6
248.2078,-52.6236,1684,8
248.9352,-45.6452,909,3
250.0745,-43.3561,1752,5
250.2881,-48.7874,1232,6
251.0322,-47.4582,3072,12
251.5337,-47.0249,1241,3
252.3256,-53.7131,1205,7
252.3348,-44.7221,2726,6
253.5353,-41.8008,1697,9
253.8798,-39.4767,1324,5
254.4454,-44.8075,1269,2
254.5052,-45.9477,1011,4
254.7784,-52.7091,1776,4
255.196,-44.6734,2453,12
255.5249,-39.7137,1577,4
256.1804,-37.9511,533,5
259.0428,-39.4258,2438,4
259.6296,-42.9378,1374,3
25.7706,64.0371,2961,3
263.6619,-32.5707,1145,4
264.4011,-35.0136,2835,3
265.0614,-36.953,1254,4
265.0876,-32.244,460,5
266.0315,-32.3594,1084,9
266.7268,-31.5107,1013,4
267.395,-34.8221,1925,4
268.2751,-22.2903,1703,4
268.4064,-34.874,279,8
269.2415,-18.9672,738,8
270.8558,-27.8835,1797,2
271.1088,-24.3572,1313,5
271.0329,-22.5163,1252,6
272.6725,-16.7529,1526,5
273.1977,-21.6118,1068,6
273.9607,-22.1443,2420,4
26.1029,60.6768,3490,7
274.6176,-18.408,3084,5
274.5127,-12.2449,2131,4
274.6976,-13.8017,1766,4
274.9993,-17.0921,1561,4
26.5705,61.2152,3124,14
276.7924,-12.0203,3038,6
276.8648,6.6128,396,6
278.1652,-16.9096,1842,8
278.359,-10.398,2142,5
279.1246,-8.1864,2136,8
281.3155,-9.384,1909,4
282.6847,-5.2013,2301,3
282.7644,-6.2714,2343,7
282.8376,10.3452,1098,6
283.5994,-19.8979,711,3
284.7174,-8.9453,1866,9
285.1562,-0.5123,2404,10
286.9374,4.2147,2662,9
287.1828,4.7075,3553,4
290.2241,37.7763,5217,12
290.8013,22.1708,599,5
291.6769,25.0342,1049,8
292.6548,20.2604,3234,6
294.3507,46.3753,1149,8
295.329,40.1898,2811,9
295.7959,23.3312,2239,6
297.2209,21.2118,9736,8
297.7235,23.1012,2358,6
298.0534,29.4,3680,7
300.9826,44.1596,1457,5
301.5836,35.7723,1945,24
302.9831,26.4935,1757,9
305.7883,40.7652,1833,6
305.9118,38.4839,1808,7
307.9272,60.6538,1975,7
308.6143,28.2726,1055,9
313.6858,47.3994,566,10
314.1407,44.6329,887,3
316.5276,41.514,1224,3
317.661,45.6022,773,4
318.2885,42.4973,3666,6
320.432,50.8226,366,2
320.8567,46.3747,2513,5
321.1037,36.4982,677,3
321.075,48.011,6540,7
322.1804,47.0986,1371,9
322.6233,51.5881,1696,7
322.759,48.2204,299,10
325.9902,53.7142,3835,4
325.7642,66.1269,920,2
326.2847,65.7806,2552,7
328.4456,62.5859,952,3
331.227,46.496,1219,12
332.6067,55.3991,5413,4
333.0855,57.2747,3855,9
333.778,49.8334,896,7
333.8114,54.3363,3657,7
335.0625,58.1191,3602,7
336.2781,57.8703,2317,8
337.0035,52.3175,2528,5
341.8065,58.1461,3005,10
343.5887,60.8129,3570,5
343.7828,57.0919,4185,5
29.6181,60.1323,1135,4
29.6621,55.4757,1371,3
347.769,60.5821,3501,6
29.2354,37.7749,446,8
351.2052,61.5866,1678,7
357.4388,68.0389,997,5
359.1741,61.3928,3331,5
342.3921,56.7267,2207,715
359.6174,61.2141,3722,7
34.7447,57.136,2505,11
35.6292,57.1539,2513,10
38.3559,57.5543,2466,11
356.8527,63.2198,3456,3
79.1218,45.5876,1781,4
101.1803,-0.5339,7958,7
124.5786,-37.1038,6889,6
138.9731,-50.0093,2989,2
140.0063,-45.1308,2319,5
143.6838,-48.0454,2824,4
204.2313,-62.0942,3009,4
228.8438,-59.0797,3439,5
92.7208,20.6221,1984,4
127.8341,-38.6309,2482,10
128.7741,-44.3915,707,8
129.3768,-39.6401,974,4
130.2872,-38.6955,6650,8
130.4091,-46.2701,1935,3
334.6755,63.2461,951,3
205.0503,-59.3797,240,3
69.7957,71.2981,177,8
136.8441,-58.3733,134,12
139.3805,-44.1173,182,10
122.3187,-47.2905,350,8
75.5011,37.4871,333,7
303.5642,45.5374,339,10
344.3878,59.3436,427,11
345.0809,59.3247,452,14
31.8572,60.2626,2952,4
296.2663,23.9662,2159,12
299.6961,20.5106,1709,5
302.6978,33.7925,546,8
307.1314,39.7495,355,13
313.2109,37.8242,1282,19
99.0799,-14.151,1583,8
106.6257,-20.1275,2296,4
181.507,-62.6269,3960,6
182.4063,-62.9875,3672,9
183.3781,-62.7127,3282,3
188.7212,-61.6057,2175,7
199.9288,-64.9443,4214,5
202.9972,-58.4967,1023,4
219.0163,-59.9712,1501,4
224.2521,-62.5565,3104,10
245.888,-51.8953,3619,8
246.1454,-51.9544,3290,6
247.0457,-51.5036,2308,8
248.7894,-48.2823,2219,4
260.7813,-37.8977,1703,4
263.791,-34.3095,4089,7
264.4653,-36.308,2595,6
266.0584,-34.8773,2008,4
266.8991,-30.0975,2572,4
268.1835,-29.5331,2555,5
269.521,-11.641,1109,4
269.9843,-24.6681,2712,6
278.1685,-12.1483,3097,5
278.4678,-11.4594,1800,9
282.6354,-18.257,605,7
289.0571,-16.3387,307,7
71.6413,44.7173,3848,6
115.3054,-16.2776,1152,5
110.7992,-19.4653,3288,9
152.3985,-61.2641,921,10
172.6471,-60.7552,5145,8
215.1478,-58.8647,1630,9
276.3238,-9.9819,2160,6
278.0133,-16.0631,1612,7
302.8894,35.6086,3861,6
310.8584,37.0229,2514,6
243.6792,-51.333,2986,4
111.1516,-26.2234,2746,8
111.4636,-21.8378,1473,7
112.6693,-23.3874,2932,10
112.9978,-12.7917,2072,5
114.1831,-23.3834,8106,6
114.2576,-15.5791,1083,8
114.4347,-26.5167,2133,7
114.9007,-30.9316,5044,9
115.2923,-24.3806,2271,5
116.4612,-21.91,2400,8
116.4724,-20.3883,2804,7
116.5452,-31.2739,4119,6
117.0951,-26.2808,2940,5
117.4546,-17.2542,5130,5
102.2428,-10.529,4681,6
118.4374,-26.975,5137,13
119.3989,-25.9188,8291,10
119.7133,-28.5685,6434,11
119.8903,-16.2846,5202,14
120.5647,-31.0711,4269,7
120.682,-32.0461,4253,4
120.8686,-30.8757,2417,4
122.8504,-31.9417,5170,7
123.1133,-32.5815,5080,12
123.7141,-31.9379,3755,6
126.0993,-47.199,5370,7
126.3238,-34.1403,3683,4
128.1839,-48.306,4637,10
129.8512,-44.019,2428,8
130.1499,-38.0742,4513,7
130.4551,-43.3609,1603,4
131.1525,-35.9016,3318,9
132.316,-46.8646,2056,5
140.4861,-56.3171,4960,4
141.077,-51.6514,2147,4
145.2587,-53.8473,4531,8
105.4207,-13.5198,2243,12
146.4166,-54.0029,2324,5
147.3101,-54.6091,4600,5
147.2814,-65.2611,2037,4
150.3528,-55.1111,5905,7
161.9252,-57.4869,1079,8
166.0412,-61.3749,2291,6
172.8668,-63.4584,2709,19
177.666,-62.1385,3707,6
179.3696,-62.7071,5035,5
179.8497,-64.5094,489,11
144.7363,-52.9493,3879,6
145.8943,-50.802,10560,14
177.347,-62.2219,4862,8
205.8016,-63.1439,1944,5
299.2503,31.6075,3604,9
21.517,62.6288,4346,5
354.4943,60.5625,3284,6
35.2113,59.1876,6778,6
44.7843,60.5617,2240,7
45.1079,57.3346,2688,9
5.8929,62.7111,3180,5
77.0723,49.8645,5860,8
81.0011,42.3132,5329,5
103.9873,0.222,4140,6
118.0281,-28.1274,4755,9
122.0539,-36.6087,4557,7
129.2341,-50.0451,3986,7
131.1481,-46.2972,4912,9
84.686,-2.5959,407,1
14.6313,68.463,3131,15
74.5683,43.0395,2621,6
76.7825,30.8428,5834,15
93.6872,12.8675,4021,5
94.8784,18.5516,1552,10
295.6131,38.6416,2687,4
352.5472,60.2545,3594,3
283.5276,36.9264,359,3
294.1762,25.2618,408,11
84.8171,37.8627,362,7
353.9983,52.6982,442,6
175.9308,-62.5274,2600,7
355.9636,62.1634,3235,2
33.8418,59.5363,378,12
6.3082,62.6187,2920,5
7.5817,57.9303,1959,4
49.001,60.4828,619,16
9.9522,61.9664,3065,5
28.0536,57.0512,1371,7
31.1211,64.3728,987,6
37.4115,60.623,693,6
81.9586,34.493,2243,13
84.8704,33.3506,4480,2
86.09,28.8409,3137,6
142.1512,-46.6089,2806,3
96.3568,13.8818,5696,6
96.4374,13.6131,4266,7
333.4621,55.705,2290,6
334.7476,56.1137,4131,4
77.514,38.8163,3978,8
100.9807,1.4134,6446,14
167.1454,-60.7393,4568,5
320.4412,50.5808,2842,10
85.3548,39.2368,6001,10
315.4249,44.112,5316,5
356.9816,63.0035,3448,5
306.9286,36.078,1854,2
294.1138,35.7505,498,7
131.5351,-38.0907,665,14
292.5536,18.535,5496,2
121.8063,-36.0534,4358,4
113.6621,-19.7871,3229,4
143.364,-52.3931,5231,4
326.4329,58.0962,4584,6
300.6005,35.3114,2031,1
223.3664,-60.4838,2869,4
256.0892,-42.0665,2461,3
300.3188,33.6155,3965,3
105.131,-20.5757,2698,6
105.7726,-20.8186,12670,13
37.3328,61.78,3641,7
56.9862,59.0589,1782,9
83.835,-5.4095,391,5
23.924,61.285,2869,3
131.9879,-42.612,437,13
151.6235,-60.2904,3956,6
155.95,-60.1432,5303,8
160.9897,-59.5512,2595,4
161.1778,-59.3715,2509,4
161.2463,-59.6888,2572,5
164.1054,-59.2273,2665,6
167.8306,-60.6521,1602,4
168.6176,-57.5605,2676,9
39.2379,55.8936,698,7
189.852,-60.6443,3979,14
203.0694,-62.789,1384,3
217.79,-61.1539,2589,8
240.2146,-53.5431,2843,6
262.1322,-29.4895,1604,5
264.2354,-32.4675,1475,5
265.3535,-40.1706,1485,7
48.0191,63.2199,684,6
269.186,-35.2945,1414,5
274.3019,-13.3498,1730,4
276.1658,-19.7107,1477,3
99.1274,9.4601,3518,17
111.8504,-23.9508,1804,5
118.9137,-25.895,2951,5
143.4777,-36.4099,421,12
296.1273,29.5138,1777,10
280.7024,-6.2511,3387,11
281.6215,-5.1825,1599,6
282.645,9.7851,1527,7
288.9061,12.8591,1750,9
299.2772,28.4385,3767,10
303.7227,28.3645,1712,8
299.7304,31.0901,2720,8
304.5007,32.6013,1453,9
309.725,46.4792,2416,18
312.4313,46.4637,2612,27
311.9964,47.4565,1763,12
314.3567,47.3677,1401,5
317.0997,46.321,3948,16
318.4297,50.1395,1732,10
321.7425,49.1057,2396,8
328.7515,49.711,1200,6
327.7856,53.0077,2366,12
334.2582,54.2445,3387,17
342.6554,49.4956,1447,5
343.407,54.3224,2694,13
344.4295,54.3782,1380,9
339.6465,67.057,1171,8
346.2117,63.3256,867,7
350.9569,59.4925,1236,8
83.3301,-1.6064,362,18
4.1134,52.2792,1617,9
27.4638,53.9225,3036,28
37.4846,57.9623,2641,21
37.0216,57.1724,2549,25
37.7028,48.3213,1423,8
82.1232,35.7013,1966,13
97.6621,-1.4408,2535,16
108.2112,-4.6901,2563,5
110.6405,-17.1671,2971,12
106.6542,-23.5697,3142,13
114.4981,-25.3751,2066,12
120.0968,-24.2802,3336,13
112.7955,-28.3765,2602,14
118.6044,-29.7301,1861,8
127.0861,-31.01,5678,21
129.3193,-45.2266,2344,18
126.6615,-50.7084,1163,6
137.9852,-52.2441,3411,14
136.9637,-52.932,2037,15
140.43,-51.2437,2089,10
139.1956,-54.1496,5930,33
139.5541,-56.0171,1742,6
158.8804,-57.6044,2588,17
160.5464,-60.4512,3948,13
168.3,-58.9064,3211,20
169.7868,-59.5484,2548,11
168.1369,-62.2689,2468,14
167.7155,-65.7129,4544,7
172.8981,-60.7821,5728,29
177.927,-62.6493,2558,14
178.1202,-64.5715,2699,12
191.9119,-59.3585,1687,10
200.3389,-61.2973,2330,19
202.7307,-61.7809,3455,20
216.2339,-61.0482,2135,6
219.6724,-62.1596,3290,10
222.9877,-65.3133,1973,8
220.1552,-55.3951,1209,4
221.8683,-56.2631,1853,6
61.1114,32.8431,367,19
246.3678,-47.9304,2368,12
248.748,-47.9732,1805,6
250.6662,-47.9159,2348,8
249.698,-44.7699,1407,9
255.2,-44.1993,2861,16
258.1652,-36.0577,1753,6
271.738,-24.6502,1825,7
271.5448,-24.2436,1603,6
271.309,-23.3074,2545,5
270.7678,-22.6536,1405,5
276.4493,-17.0769,2113,9
273.87,-14.9088,1673,15
275.9663,-12.2384,2149,12
276.7267,-10.9535,1375,3
281.2097,-5.8623,3761,19
282.3536,-4.4128,1697,7
288.8588,-4.1712,1084,6
16.456,59.6345,2198,6
292.5424,10.6641,3221,7
290.0052,15.1601,1601,4
306.2793,29.7325,1815,6
299.8491,37.2112,1882,6
306.8601,37.6658,1282,4
307.5092,46.166,2756,8
314.8538,45.8534,3100,15
311.5449,48.8572,1546,10
313.269,48.5343,2698,8
317.717,47.7154,2257,6
316.2392,48.7354,2252,7
324.9869,49.3115,2306,5
328.7114,52.8176,2583,9
319.7639,61.9436,1231,6
326.0639,58.7582,1628,7
338.3416,58.3733,2349,4
338.6963,58.2698,4670,20
338.8938,59.0074,2615,17
345.4897,56.9513,3805,28
345.624,57.1867,2490,9
337.2957,66.5205,1062,5
347.7321,58.6112,3890,9
22.6326,60.244,2561,5
4.5533,63.3454,3440,30
6.7562,63.2336,3328,29
23.2364,59.7856,2709,8
6.9806,62.9078,2920,18
12.9949,63.7807,4568,37
17.6488,60.4723,2785,7
42.5554,72.9012,909,4
29.1818,54.4187,2106,14
40.569,58.1629,2757,17
48.2951,58.9367,2691,5
50.9916,51.2608,2410,11
59.219,48.6086,3235,21
66.8025,44.6853,3526,22
72.5709,44.7681,2860,12
71.4284,41.502,3676,17
79.0349,39.5289,3099,14
87.7067,28.7143,5351,17
90.7183,25.5052,3632,19
94.9131,26.2321,3543,15
89.5422,22.0599,2046,11
94.8212,15.2945,5164,28
94.5458,10.7662,3345,16
100.5758,-4.616,5066,12
98.6313,-6.7953,3489,25
108.4954,-6.5904,2883,11
113.5194,-8.0798,3723,15
115.2254,-12.8888,3718,12
110.1182,-19.3429,3212,19
100.6915,-23.6856,1919,8
110.2131,-20.7757,3898,19
115.3284,-18.7065,4034,5
33.7429,57.31,2559,17
113.7703,-21.3106,3369,21
119.1964,-23.8541,3559,37
118.9372,-24.0268,3512,15
116.547,-26.2077,2164,4
116.3763,-27.2198,5890,19
123.1727,-25.6727,5952,22
116.5967,-30.7331,4428,40
116.5525,-32.2518,4158,23
120.7506,-35.0923,2050,8
122.6463,-34.3001,5212,22
124.8387,-33.2228,6414,54
123.8933,-33.9089,2089,4
126.572,-33.8392,4893,26
124.4013,-42.5925,1549,9
131.1555,-45.9722,2246,22
133.7364,-47.4392,1925,6
138.0077,-44.8215,2223,6
138.1999,-44.9021,1840,8
139.7476,-51.603,2027,8
139.7827,-53.5603,8096,20
140.5859,-53.8663,3000,17
142.8706,-53.0178,4310,29
148.733,-50.9485,2537,11
141.2325,-57.3545,1749,8
144.9671,-57.2927,4589,20
159.6919,-54.2025,1727,6
158.6371,-59.7493,2538,12
162.7091,-55.8756,2740,15
159.561,-59.5362,1895,5
156.283,-62.3351,2212,6
159.753,-61.088,5527,20
162.612,-61.4411,7095,16
164.1107,-60.4953,7025,25
164.0514,-61.0965,3358,9
59.6893,52.5497,1136,6
163.2554,-62.7138,5562,23
171.3373,-61.446,2732,5
158.5147,-73.2894,1955,15
179.3071,-62.9653,4170,17
182.5173,-62.3297,3552,6
184.5592,-62.989,3733,12
185.485,-60.3942,3391,9
64.7288,52.3699,2507,12
186.1123,-66.6718,2048,5
187.5215,-64.1589,3104,9
191.6641,-66.2,3391,6
192.6217,-60.9881,3739,12
204.5382,-66.666,1815,5
204.6275,-61.6031,3759,15
211.814,-63.061,2868,8
226.4586,-62.238,2092,4
230.3104,-53.1796,1255,4
238.6566,-57.8677,1758,9
237.5187,-56.7813,3342,12
237.6728,-55.6173,2003,7
243.8467,-51.7065,3297,21
243.0548,-50.1722,2635,15
244.5389,-49.5003,1819,7
248.5212,-48.9182,2954,14
253.6666,-48.4574,2070,8
250.3953,-46.0997,2488,10
252.1583,-46.9189,3047,11
252.6338,-45.0618,2720,10
254.6885,-42.0353,2736,10
259.278,-41.5224,1853,3
256.1722,-38.9731,1561,8
259.1038,-39.6574,2561,24
254.7966,-36.0649,1531,4
261.1995,-37.5076,1675,4
262.7726,-37.8753,2543,10
256.7456,-30.7043,1150,3
62.9666,42.7311,2078,6
267.3428,-29.5811,2817,6
280.4161,-21.9826,1538,3
282.3174,-4.3879,1672,7
284.7042,0.4172,1352,3
301.5958,33.0195,4988,14
303.201,35.8967,4029,22
299.8428,38.5482,1105,3
301.086,46.8206,2841,16
311.5884,45.4047,1748,6
82.2367,48.0455,2686,16
313.8305,47.5791,4401,17
325.0185,49.3157,2250,3
359.519,61.4641,5209,8
3.3701,53.8215,1893,5
11.6796,60.0724,5928,10
20.7769,64.5081,6436,59
20.3444,62.5042,3375,15
26.7801,54.7542,3509,40
37.4633,57.3713,2504,8
47.7281,50.284,5088,16
61.3684,55.932,6795,50
65.2625,53.2256,5014,78
91.4475,55.777,3399,34
79.8391,40.1337,6315,34
79.9719,38.9822,5657,12
80.0784,30.2679,1914,11
104.8735,33.1078,2935,27
106.9835,19.9243,3191,16
94.7479,10.1271,2359,7
96.2586,7.6119,7200,37
111.702,13.0996,3560,25
97.9641,2.5312,1554,8
118.3635,7.6965,2812,29
119.2357,8.0421,2595,23
106.4768,-2.3153,4528,18
119.9922,1.4713,2740,23
107.1558,-6.1974,5835,29
121.0401,-3.8016,3278,30
79.6467,37.8132,1542,8
112.8507,-12.7034,2336,8
112.7091,-14.1412,5423,18
121.5892,-9.6064,3565,20
112.8292,-15.4345,5585,26
109.9389,-18.9764,3072,10
118.8264,-24.3388,3139,10
123.7479,-22.1801,6298,21
123.7581,-22.2106,6898,11
115.9972,-31.095,3987,17
130.4209,-22.9837,3451,28
120.4909,-34.3824,4685,10
123.8521,-33.8425,6373,53
124.146,-34.0341,8687,39
116.6378,-48.2427,1512,7
142.5431,-34.1435,5897,15
148.3781,-55.7467,4021,14
162.3462,-54.7041,2824,11
160.1077,-59.0051,2562,12
158.065,-62.9051,3724,7
160.8757,-61.1142,4618,11
161.8067,-61.1289,5711,21
168.4407,-59.7146,2217,6
182.7462,-63.6311,2658,12
226.1148,-60.8739,3421,11
242.1683,-51.4257,2138,4
244.7045,-51.5971,5519,14
250.6595,-47.9966,3295,8
253.0765,-44.4099,1953,4
253.9811,-43.2086,2627,7
91.1664,36.7802,2383,9
95.3772,26.9206,2272,8
88.9949,17.3419,1774,8
89.2066,16.9871,1787,10
91.6519,8.7738,2241,11
95.8774,8.3635,2361,11
97.5461,7.3669,2114,12
18.6841,57.8482,2833,14
267.4536,-28.7435,2358,8
273.7556,-16.3468,1598,8
274.7851,-15.7427,1375,6
245.0626,-44.8726,1325,5
263.1964,-37.6442,2736,13
258.0089,-35.9358,1467,2
258.8204,-36.5776,1693,4
257.7807,-48.7435,1235,5
233.8567,-57.6669,2638,4
241.4931,-52.6791,3881,15
219.0029,-57.8634,1574,4
235.1335,-55.749,1938,3
235.6777,-55.4641,1769,6
239.6927,-55.7963,3146,9
253.0182,-47.3959,3107,4
212.4296,-59.3441,2962,11
195.4332,-64.0312,3066,6
197.0925,-61.2222,3632,18
124.8804,-38.2708,5728,13
126.4969,-38.3377,1393,4
214.6434,-62.6594,2308,4
236.5868,-56.7962,2645,9
237.5904,-55.9647,2740,6
238.1094,-55.4185,2138,7
315.6617,29.8894,857,17
317.4013,34.3729,703,8
308.6016,43.3622,784,6
288.8393,-22.1793,654,6
282.0124,-18.286,947,5
315.4902,45.3878,986,7
322.7427,43.469,657,15
305.9952,54.1143,858,10
319.5473,54.5006,999,24
319.2444,56.1994,754,13
311.7186,60.7963,918,19
287.2216,-19.1058,822,9
339.2261,46.9031,663,19
337.3058,49.9017,555,24
343.7568,43.4202,600,17
326.7519,59.7962,863,14
279.742,-15.0374,674,7
334.4402,60.0847,965,4
280.741,-15.2999,804,6
339.1281,56.7862,865,21
346.3579,49.3588,562,5
336.5264,65.0177,957,11
281.1343,-14.5231,474,8
282.8933,-15.1437,594,5
351.8056,65.2615,831,9
350.9927,66.5087,986,8
282.2312,-12.8703,997,5
353.5701,71.6973,544,9
5.4972,65.5248,759,6
282.6273,-10.8686,509,20
267.9347,-2.828,642,13
283.4647,-9.8014,902,10
32.0288,65.4299,880,11
275.0471,-5.1734,922,6
277.3621,-4.9794,907,5
30.3365,43.7642,831,6
278.6119,-5.4822,675,5
56.0132,64.8407,449,8
60.7682,66.0399,763,19
42.5808,48.5973,543,16
40.8645,39.2428,418,22
285.9034,-8.571,546,5
67.8837,56.1842,710,9
280.0213,-4.3343,516,4
61.8443,44.1592,740,11
101.7377,48.7224,442,13
93.8899,30.8199,782,16
280.8339,-1.652,596,2
95.433,29.1748,738,15
75.6957,13.0357,319,4
78.7608,6.2904,808,5
85.9617,7.0098,455,5
281.3459,-23.7781,803,8
292.5615,-6.6135,662,16
87.5121,2.7666,413,4
112.4998,5.5759,892,19
293.9214,-3.6699,596,5
87.9023,-7.5634,301,9
108.947,-0.9181,889,15
108.2594,-2.7251,748,18
103.4572,-5.7629,803,10
100.1557,-8.1677,851,18
98.601,-11.806,659,26
92.3745,-15.065,677,8
291.6904,0.1979,895,5
110.1507,-11.7197,637,9
104.4559,-18.7047,1000,9
294.7088,-1.3556,678,9
121.2028,-11.4725,586,13
118.4092,-13.4726,903,4
108.4102,-19.5155,1039,21
105.8011,-40.856,672,24
273.323,-18.333,562,7
283.274,8.1906,1035,10
124.3334,-37.8,711,4
135.7868,-34.9436,850,6
314.1527,-6.5758,571,9
105.4053,-54.4903,558,20
115.2808,-52.8989,578,17
137.0695,-43.3467,985,5
288.5832,14.4001,602,8
122.9691,-52.3407,348,14
127.1239,-50.9197,323,14
126.6612,-52.023,606,17
286.1757,15.6363,844,12
114.5349,-58.4604,372,10
134.1526,-54.3086,811,16
130.7814,-58.5214,330,11
146.4981,-52.4825,1043,8
296.7853,10.4233,797,8
158.6039,-47.2562,326,8
157.8373,-44.5054,605,24
165.9707,-56.9343,823,17
161.1248,-67.4462,650,15
192.8996,-57.396,961,5
192.8935,-50.7122,740,30
212.9486,-75.7712,709,9
201.0396,-49.8215,903,22
218.608,-68.0047,970,26
205.9065,-38.6434,685,18
224.3579,-59.8405,761,8
234.5543,-65.9552,757,5
216.1991,-46.2028,169,5
252.9539,-67.6582,232,17
226.2261,-49.1509,879,7
231.2823,-53.9419,922,7
234.7679,-55.3891,739,5
289.731,20.8237,917,4
237.216,-54.3915,899,15
254.0355,-60.4195,315,5
239.6835,-50.4008,507,6
245.4218,-53.2176,534,10
255.2992,-56.0476,943,18
249.1855,-51.3205,952,4
250.3451,-39.5504,176,8
263.1363,-44.2605,980,19
249.2043,-31.5016,771,12
270.1292,-42.6995,703,7
286.5308,23.3569,777,8
277.2794,-34.513,507,6
305.3827,13.4627,684,7
276.7607,-17.3756,802,5
303.9614,21.4593,928,12
293.8649,28.2644,902,16
298.2613,26.3986,543,10
310.2549,20.17,923,10
299.7403,28.4238,812,5
300.2965,29.9655,714,10
304.761,27.5983,972,9
312.4234,25.5047,784,13
64.7077,52.8653,4671,11
111.5311,-15.0876,3706,4
226.86,-60.4031,3512,12
118.9542,-29.4694,4053,8
121.4157,-31.5877,4340,31
226.1735,-58.4922,3446,8
264.0731,-33.4933,2529,7
265.2645,-33.2699,2902,6
273.4835,-19.5139,2503,5
294.042,20.5538,2874,7
314.8606,44.9353,3339,10
321.9222,49.6953,2677,12
97.1001,17.7325,4405,33
105.5792,-1.8397,3969,16
240.4252,-52.1201,2456,6
251.0479,-44.1164,3762,7
280.1049,-3.7563,2730,13
306.3755,40.8642,1960,8
310.3637,46.1367,2535,7
61.5335,58.4195,4722,21
108.6985,-26.2446,3980,18
112.0197,-28.0649,4325,21
149.023,-60.1759,3332,6
111.0706,-20.2451,3248,13
148.3179,-57.4375,2961,12
153.9732,-59.0329,3630,7
261.7651,-39.4033,2629,5
35.5723,58.0007,3593,21
116.4492,-25.5021,4293,21
119.7341,-29.5674,4284,28
120.1456,-30.9845,4124,18
164.5817,-60.7233,3766,17
160.5679,-59.9463,3259,9
167.4412,-60.7189,4314,11
170.5429,-61.5219,3606,9
178.8581,-62.9575,4267,9
177.8684,-62.823,3608,9
197.6447,-63.3951,3955,9
202.0965,-63.477,3818,11
219.3662,-61.0757,3594,9
223.9009,-60.5244,3308,7
263.3893,-34.4398,3801,7
264.3375,-33.8505,3736,6
271.2959,-23.802,3242,9
271.2358,-23.7088,2741,11
273.9659,-18.0917,2765,5
280.55,-6.2368,3702,10
283.1428,-0.4228,4019,9
295.813,20.4999,3931,14
314.0825,45.1976,3465,20
25.3405,61.4912,3243,39
26.8506,60.5132,3103,40
23.5035,61.6813,3158,24
29.3004,60.5138,3423,37
46.0233,57.7738,3081,32
76.4435,39.947,4044,17
91.4011,25.2535,3815,32
90.5014,28.8627,3784,36
91.5845,26.4668,3704,25
97.6173,16.8815,3768,23
101.3322,6.7944,4157,22
101.9099,5.6271,4019,24
102.2292,2.033,4280,24
102.7344,1.9139,4127,23
103.4471,1.6022,4093,16
107.2017,-5.596,4158,20
107.3773,-5.3698,3753,26
112.5616,-14.0176,4311,51
111.5109,-13.5993,3883,21
110.3253,-11.7905,2981,10
110.5066,-11.7601,3966,30
110.1085,-9.9092,4250,16
116.4185,-19.1378,3973,26
115.7241,-20.2192,3813,22
118.541,-22.7642,3966,24
119.3977,-28.5418,4074,29
120.7103,-28.5608,3215,11
124.1061,-33.6623,4207,37
123.9763,-34.308,4069,24
123.3943,-32.326,4358,20
123.3599,-32.8761,4432,18
122.0953,-29.6635,4390,19
143.1621,-50.8366,4069,17
143.7271,-50.1783,3405,14
160.4924,-58.3729,3164,10
157.71,-58.263,3116,9
179.7607,-62.1791,4101,16
179.0741,-62.2585,4478,13
185.5743,-62.5127,3601,14
185.0216,-62.7859,3936,10
185.2945,-61.7042,3781,7
241.5616,-52.1418,2842,6
252.9863,-44.2328,2897,6
269.4911,-23.2843,3166,8
277.9164,-10.1753,3125,7
289.1714,14.1565,4078,13
299.2694,29.9632,3979,21
298.7652,29.9551,4099,10
298.4226,31.6315,4424,8
303.7281,37.2362,3857,14
303.8449,38.9571,4268,14
310.6336,45.5217,3030,16
307.3652,44.6427,2338,7
316.7283,47.089,3290,20
315.6007,46.5171,3789,19
321.5308,52.7091,1996,6
316.1493,49.3015,3924,17
322.7451,52.8306,3704,13
331.2733,55.1924,3896,19
331.9307,55.6176,4026,20
334.1112,57.8123,3208,11
334.707,57.4257,2979,8
341.9583,59.8912,3803,23
342.2691,60.4701,3991,22
347.6089,60.9683,3182,16
343.4078,62.8286,3762,13
359.229,62.878,3731,29
359.1918,63.4663,4148,31
1.3159,63.8433,3821,19
356.1857,61.9239,4251,20
8.7119,62.9914,2741,14
14.6262,63.2762,2887,33
37.5747,62.9742,3660,26
41.0768,61.8662,2996,38
58.2501,57.2772,3209,28
41.5213,59.7707,3565,26
61.8719,53.2211,3547,41
76.7676,41.4876,4251,26
91.7712,27.6969,4195,28
92.953,25.0184,3933,31
108.7384,-2.0773,4347,35
112.3719,-7.5486,4308,30
110.9029,-7.5101,4239,19
111.8378,-8.2643,4370,20
110.4775,-7.8299,4456,15
109.2149,-5.8812,4463,23
109.6635,-3.8082,4139,19
113.0621,-11.8302,4279,18
125.0139,-30.6854,4144,20
148.0079,-50.3944,4409,16
73.3812,49.4888,3652,39
64.4603,56.8418,4428,43
81.2712,40.9507,4679,23
58.431,63.7186,4170,54
94.231,43.4376,3935,42
95.8573,40.525,4223,46
263.4986,-35.0582,2024,7
274.7047,-18.0779,2066,5
282.4824,-0.3232,2100,5
129.44,-40.0283,965,12
344.8154,62.8432,858,18
120.6179,-39.6187,1081,6
223.1198,-61.5056,1091,6
290.6693,18.6764,1097,5
99.2795,3.075,1912,3
97.751,-9.6067,975,5
101.7276,1.3329,1810,3
106.0446,-11.4814,1188,5
304.4624,39.3404,1803,4
